year,n_rows,n_halves,merged_half_summaries,merged_compact
2016,2,2,"- - **Half-Year:** 2016-H1
- **Core Research Trends:** Over the past six months, there has been a significant emphasis on injury prevention and performance optimization in sports, particularly football. A recurring theme has been the analysis of biomechanics and kinematics relating to specific injuries, such as anterior cruciate ligament (ACL) injuries and head impacts, with a focus on identifying risk factors and developing intervention strategies. The integration of advanced technologies, including accelerometry and GPS, has become pivotal in evaluating physical performance and monitoring injury risks. Moreover, studies have consistently highlighted the importance of personalized training programs and the assessment of physical attributes in mitigating injury rates and enhancing athletic capabilities.
- **Emerging or Shifting Topics:** New developments during this period include an increased focus on the long-term cognitive implications of head impacts and concussions, particularly in youth athletes. This trend reflects an evolving understanding of brain health and its relationship to repeated subconcussive events. Additionally, research has begun to delve into the genetic factors influencing injury risks and recovery times, suggesting a shift towards biomarker research as a tool for injury prediction. There has also been a growing concern regarding the effects of artificial surfaces on athlete performance and safety, further informing protocols and player experience.
- **Representative Keywords/Methods:** injury prevention, biomechanics, kinematic analysis, ACL injuries, head impacts, accelerometry, personalized training, performance optimization, genetic biomarkers, cognitive health.
- - **Half-Year:** 2016-H2
- **Core Research Trends:** Over the half-year period, there has been a consistent emphasis on injury prevention and performance optimization in sports, particularly football and soccer. Research frequently engaged with themes related to the biomechanics of injuries, specifically anterior cruciate ligament (ACL) injuries, and various strategies for injury rehabilitation and recovery. A recurrent focus was placed on training methodologies, including neuromuscular training, plyometric training, and the use of advanced biomechanical assessments to enhance athletic performance while minimizing injury risks. Additionally, the integration of objective measures in evaluating training effectiveness and player safety underscored a trend towards data-driven decision-making in training programs.

- **Emerging or Shifting Topics:** Throughout this period, several new themes gained prominence, including the influence of playing surfaces (artificial vs. natural grass) on injury incidence and performance, and innovative methods for injury prediction and prevention, such as ultrasound imaging and video analysis. There has also been an increasing focus on the psychological aspects of sports performance, particularly regarding the pressures faced by athletes and their impact on performance, hinting at a more holistic approach to athlete training that includes both physical and mental factors. Furthermore, technology in sports training, including wearable devices and gamified approaches to training, received increased attention as tools for enhancing performance and safety.

- **Representative Keywords/Methods:** injury prevention, performance optimization, ACL injuries, biomechanics, neuromuscular training, plyometric training, video analysis, ultrasound imaging, psychological factors, technology integration, training methodologies.","- - **Half-Year:** 2016-H1 - **Core Research Trends:** Over the past six months, there has been a significant emphasis on injury prevention and performance optimization in sports, particularly football. A recurring theme has been the analysis of biomechanics and kinematics relating to specific injuries, such as anterior cruciate ligament (ACL) injuries and head impacts, with a focus on identifying risk factors and developing intervention strategies. The integration of advanced technologies, including accelerometry and GPS, has become pivotal in evaluating physical performance and monitoring injury risks. Moreover, studies have consistently highlighted the importance of personalized training programs and the assessment of physical attributes in mitigating injury rates and enhancing athletic capabilities. - **Emerging or Shifting Topics:** New developments during this period include an increased focus on the long-term cognitive implications of head impacts and concussions, particularly in youth athletes. This trend reflects an evolving understanding of brain health and its relationship to repeated subconcussive events. Additionally, research has begun to delve into the genetic factors influencing injury risks and recovery times, suggesting a shift towards biomarker research as a tool for injury prediction. There has also been a growing concern regarding the effects of artificial surfaces on athlete performance and safety, further informing protocols and player experience. - **Representative Keywords/Methods:** injury prevention, biomechanics, kinematic analysis, ACL injuries, head impacts, accelerometry, personalized training, performance optimization, genetic biomarkers, cognitive health. - - **Half-Year:** 2016-H2 - **Core Research Trends:** Over the half-year period, there has been a consistent emphasis on injury prevention and performance optimization in sports, particularly football and soccer. Research frequently engaged with themes related to the biomechanics of injuries, specifically anterior cruciate ligament (ACL) injuries, and various strategies for injury rehabilitation and recovery. A recurrent focus was placed on training methodologies, including neuromuscular training, plyometric training, and the use of advanced biomechanical assessments to enhance athletic performance while minimizing injury risks. Additionally, the integration of objective measures in evaluating training effectiveness and player safety underscored a trend towards data-driven decision-making in training programs. - **Emerging or Shifting Topics:** Throughout this period, several new themes gained prominence, including the influence of playing surfaces (artificial vs. natural grass) on injury incidence and performance, and innovative methods for injury prediction and prevention, such as ultrasound imaging and video analysis. There has also been an increasing focus on the psychological aspects of sports performance, particularly regarding the pressures faced by athletes and their impact on performance, hinting at a more holistic approach to athlete training that includes both physical and mental factors. Furthermore, technology in sports training, including wearable devices and gamified approaches to training, received increased attention as tools for enhancing performance and safety. - **Representative Keywords/Methods:** injury prevention, performance optimization, ACL injuries, biomechanics, neuromuscular training, plyometric training, video analysis, ultrasound imaging, psychological factors, technology integration, training methodologies."
2017,2,2,"- **Half-Year:** 2017-H1

**Core Research Trends:** Over the first half of 2017, research in the field of anthropomechanics and biomechanics in sports, particularly football, concentrated heavily on injury prevention strategies, performance optimization techniques, and the role of biomechanics in athletic movements. A continuous emphasis was placed on understanding specific injuries, such as ACL and hamstring injuries, through biomechanical assessments and tailored training programs. The integration of technology, including wearable devices and advanced data analysis methods like machine learning and electromyography, gained traction for both performance enhancement and injury risk evaluation. Additionally, studies highlighted the importance of personalized training methodologies that account for individual athlete characteristics and physiological responses.

**Emerging or Shifting Topics:** Emerging themes during this period included innovative training interventions, such as biofeedback methods and the use of Cognitive and Psychological factors in athletic scenarios. A notable shift was observed towards a more interdisciplinary approach, incorporating cognitive mechanisms in understanding performance outcomes, as well as the exploration of preventive measures against repetitive head injuries in contact sports. The use of dynamic warm-ups and an understanding of how fatigue impacts biomechanics reflects a notable evolution in training modalities aimed to optimize performance while minimizing injury risks.

**Representative Keywords/Methods:** injury prevention, performance optimization, biomechanics, ACL injuries, hamstring strain, individualized training, wearable technology, machine learning, cognitive performance, biofeedback training.
- - **Half-Year:** 2017-H2
- **Core Research Trends:** Over the half-year period, research in anthropomechanics and biomechanics within the sport of football (soccer and American football) has focused notably on injury prevention and performance optimization. Key themes involve understanding and mitigating concussions, ACL injuries, and other common sports injuries through biomechanical analyses, functional performance assessments, and innovative interventions. Specifically, studies have highlighted the integration of advanced technologies, including wearable sensors and machine learning, to enhance injury monitoring and assessment capabilities. Moreover, there is a continuous emphasis on developing tailored training regimens for varying demographics, particularly focusing on young athletes and their unique biomechanical and physiological requirements.

- **Emerging or Shifting Topics:** In this period, there is a notable evolution toward more personalized and data-driven approaches in training and injury management. Increased attention has been given to the psychological aspects of recovery from injuries, with focus on kinesiophobia and other mental barriers impacting athlete performance post-injury. Additionally, the utilization of machine learning and advanced imaging technologies for assessing injury risks and optimizing training loads has gained prominence. The trend of emphasizing gender differences and age-specific training strategies, particularly for youth athletes, has also emerged, indicating a shift toward more inclusive and tailored methodologies in sports science.

- **Representative Keywords/Methods:** injury prevention, concussion assessment, ACL injury, wearable sensors, machine learning, youth training, kinesiophobia, biomechanical analysis, performance optimization, individualized training programs.","- **Half-Year:** 2017-H1 **Core Research Trends:** Over the first half of 2017, research in the field of anthropomechanics and biomechanics in sports, particularly football, concentrated heavily on injury prevention strategies, performance optimization techniques, and the role of biomechanics in athletic movements. A continuous emphasis was placed on understanding specific injuries, such as ACL and hamstring injuries, through biomechanical assessments and tailored training programs. The integration of technology, including wearable devices and advanced data analysis methods like machine learning and electromyography, gained traction for both performance enhancement and injury risk evaluation. Additionally, studies highlighted the importance of personalized training methodologies that account for individual athlete characteristics and physiological responses. **Emerging or Shifting Topics:** Emerging themes during this period included innovative training interventions, such as biofeedback methods and the use of Cognitive and Psychological factors in athletic scenarios. A notable shift was observed towards a more interdisciplinary approach, incorporating cognitive mechanisms in understanding performance outcomes, as well as the exploration of preventive measures against repetitive head injuries in contact sports. The use of dynamic warm-ups and an understanding of how fatigue impacts biomechanics reflects a notable evolution in training modalities aimed to optimize performance while minimizing injury risks. **Representative Keywords/Methods:** injury prevention, performance optimization, biomechanics, ACL injuries, hamstring strain, individualized training, wearable technology, machine learning, cognitive performance, biofeedback training. - - **Half-Year:** 2017-H2 - **Core Research Trends:** Over the half-year period, research in anthropomechanics and biomechanics within the sport of football (soccer and American football) has focused notably on injury prevention and performance optimization. Key themes involve understanding and mitigating concussions, ACL injuries, and other common sports injuries through biomechanical analyses, functional performance assessments, and innovative interventions. Specifically, studies have highlighted the integration of advanced technologies, including wearable sensors and machine learning, to enhance injury monitoring and assessment capabilities. Moreover, there is a continuous emphasis on developing tailored training regimens for varying demographics, particularly focusing on young athletes and their unique biomechanical and physiological requirements. - **Emerging or Shifting Topics:** In this period, there is a notable evolution toward more personalized and data-driven approaches in training and injury management. Increased attention has been given to the psychological aspects of recovery from injuries, with focus on kinesiophobia and other mental barriers impacting athlete performance post-injury. Additionally, the utilization of machine learning and advanced imaging technologies for assessing injury risks and optimizing training loads has gained prominence. The trend of emphasizing gender differences and age-specific training strategies, particularly for youth athletes, has also emerged, indicating a shift toward more inclusive and tailored methodologies in sports science. - **Representative Keywords/Methods:** injury prevention, concussion assessment, ACL injury, wearable sensors, machine learning, youth training, kinesiophobia, biomechanical analysis, performance optimization, individualized training programs."
2018,2,2,"- - **Half-Year:** 2018-H1
- **Core Research Trends:** Throughout the first half of 2018, a significant focus was directed towards injury prevention and performance optimization in sports, particularly in soccer and contact sports such as football. The research emphasized biomechanics, with many studies investigating the impacts of various physical training methods on injury risk and performance metrics. The integration of advanced technologies for performance analysis, such as motion tracking systems and wearable devices, facilitated enhanced understanding of athlete movements and injury dynamics. The studies commonly highlighted the importance of tailored interventions, individual athlete assessment, and knowledge dissemination among coaches to optimize training and rehabilitation strategies.

- **Emerging or Shifting Topics:** Emerging themes included a greater emphasis on psychological factors in training methodologies for injury prevention, particularly the use of cognitive strategies during athletic training. Concurrently, there was a noteworthy rise in studies addressing the pedagogical aspects of injury awareness and prevention among young athletes and coaches. Additionally, the evolution of injury management protocols, combined with advancements in diagnostic technologies such as ultrasound and thermal imaging, indicated a shift towards more individualized and data-driven approaches in sports medicine.

- **Representative Keywords/Methods:** injury prevention, biomechanics, performance optimization, ACL injuries, wearable technology, motion tracking, cognitive strategies, rehabilitation, performance analysis, diagnostic imaging.
- **Half-Year:** 2018-H2  
**Core Research Trends:** The second half of 2018 showcased a continuing emphasis on injury prevention and biomechanics within sports, particularly focusing on soccer and football. There was a notable exploration of various factors influencing injury mechanisms, including movement patterns, physical training methodologies, and the efficacy of rehabilitation protocols. Machine learning and analytical technologies were increasingly applied to enhance the understanding of athlete performance and injury risks. Psychosocial elements such as mental health and gender differences in injury responses also gained more traction, reflecting a broader understanding of athlete wellbeing. Collectively, these studies emphasized a multi-faceted approach to optimizing athlete safety and performance through evidence-based strategies.

**Emerging or Shifting Topics:** There was a significant rise in the study of neurocognitive impacts related to sports injuries, particularly concussions and their long-term effects on performance. Additionally, the integration of personalized training regimens, including tailored interventions based on biomechanics and individualized assessments, emerged as a key theme. Research on adaptive sports and inclusivity, particularly pertaining to athletes with disabilities, indicated a progressive shift towards broader participation and awareness in sports science.

**Representative Keywords/Methods:** injury prevention, biomechanics, performance analysis, neurocognitive outcomes, personalized training, gender differences, adaptive sports, rehabilitation strategies, movement analysis, biomechanics of head impacts.","- - **Half-Year:** 2018-H1 - **Core Research Trends:** Throughout the first half of 2018, a significant focus was directed towards injury prevention and performance optimization in sports, particularly in soccer and contact sports such as football. The research emphasized biomechanics, with many studies investigating the impacts of various physical training methods on injury risk and performance metrics. The integration of advanced technologies for performance analysis, such as motion tracking systems and wearable devices, facilitated enhanced understanding of athlete movements and injury dynamics. The studies commonly highlighted the importance of tailored interventions, individual athlete assessment, and knowledge dissemination among coaches to optimize training and rehabilitation strategies. - **Emerging or Shifting Topics:** Emerging themes included a greater emphasis on psychological factors in training methodologies for injury prevention, particularly the use of cognitive strategies during athletic training. Concurrently, there was a noteworthy rise in studies addressing the pedagogical aspects of injury awareness and prevention among young athletes and coaches. Additionally, the evolution of injury management protocols, combined with advancements in diagnostic technologies such as ultrasound and thermal imaging, indicated a shift towards more individualized and data-driven approaches in sports medicine. - **Representative Keywords/Methods:** injury prevention, biomechanics, performance optimization, ACL injuries, wearable technology, motion tracking, cognitive strategies, rehabilitation, performance analysis, diagnostic imaging. - **Half-Year:** 2018-H2 **Core Research Trends:** The second half of 2018 showcased a continuing emphasis on injury prevention and biomechanics within sports, particularly focusing on soccer and football. There was a notable exploration of various factors influencing injury mechanisms, including movement patterns, physical training methodologies, and the efficacy of rehabilitation protocols. Machine learning and analytical technologies were increasingly applied to enhance the understanding of athlete performance and injury risks. Psychosocial elements such as mental health and gender differences in injury responses also gained more traction, reflecting a broader understanding of athlete wellbeing. Collectively, these studies emphasized a multi-faceted approach to optimizing athlete safety and performance through evidence-based strategies. **Emerging or Shifting Topics:** There was a significant rise in the study of neurocognitive impacts related to sports injuries, particularly concussions and their long-term effects on performance. Additionally, the integration of personalized training regimens, including tailored interventions based on biomechanics and individualized assessments, emerged as a key theme. Research on adaptive sports and inclusivity, particularly pertaining to athletes with disabilities, indicated a progressive shift towards broader participation and awareness in sports science. **Representative Keywords/Methods:** injury prevention, biomechanics, performance analysis, neurocognitive outcomes, personalized training, gender differences, adaptive sports, rehabilitation strategies, movement analysis, biomechanics of head impacts."
2019,2,2,"- **Half-Year:** 2019-H1  
**Core Research Trends:** Across the six-month period, the dominant themes in sports biomechanics and anthropomechanics have centered around performance optimization and injury prevention. Key aspects of research focused on understanding the biomechanics of athletic movements, particularly in football and soccer, exploring how training interventions and environmental factors influence athlete performance and injury risk. There has been a consistent emphasis on developing tailored training programs targeting age-related performance deficits, kinematics of specific movements (such as cutting and jumping), and the biomechanics of injuries, particularly concerning the head and knee. The integration of technology, such as wearable devices and advanced modeling techniques, has been highlighted as crucial for data collection and performance assessment, underpinning the aim for evidence-based practices in athlete care.

**Emerging or Shifting Topics:** New developments during this period include a notable increase in research on the cognitive aspects of sports performance, especially in relation to concussion protocols and cognitive load impacts on physical activities. There's also a growing recognition of the intersection between psychological factors and physical performance, introducing cognitive performance metrics into injury prevention discussions. Additionally, advances in injury diagnosis through imaging techniques and the application of machine learning for predictive modeling have begun to gain traction, reflecting a methodological shift towards more data-driven and personalized approaches to athlete health management.

**Representative Keywords/Methods:** performance optimization, injury prevention, biomechanics, kinematic analysis, wearable sensors, cognitive function, concussion assessment, tailored training programs, predictive modeling.
- - **Half-Year:** 2019-H2
- **Core Research Trends:** Throughout the second half of 2019, significant research themes emerged in injury prevention and performance optimization in sports, particularly focusing on the anterior cruciate ligament (ACL) injuries and sports-related concussions. The studies consistently underscore the importance of biomechanical assessment methods to evaluate and mitigate injury risks in athletes. Advanced methodologies, including machine learning, wearable technology, and neuroimaging, were frequently applied to explore muscle mechanics, movement patterns, and cognitive impacts of injuries among players. Additionally, there is a persistent emphasis on tailored training programs that consider individual athlete characteristics and their effects on performance outcomes.

- **Emerging or Shifting Topics:** Innovative approaches in injury prevention garnered attention, especially concerning female athletes, youth sports, and the use of digital tools for pain mapping and analysis. A noticeable shift toward understanding the psychological impacts of sports, encapsulated by temperament studies and the influence of concussive injuries on cognitive functions, was observed. Furthermore, research addressing the relationship between physical activity, health implications, and rehabilitation strategies for specific conditions, like cardiovascular health post-ACL injury and that of neuropathies with the use of ultrasound elastography, highlighted a broader perspective on athlete health.

- **Representative Keywords/Methods:** ACL injuries, concussion, biomechanics, injury prevention, performance optimization, machine learning, wearable technology, psychological traits, youth sports, rehabilitation strategies, digital tools, elasticity assessments.","- **Half-Year:** 2019-H1 **Core Research Trends:** Across the six-month period, the dominant themes in sports biomechanics and anthropomechanics have centered around performance optimization and injury prevention. Key aspects of research focused on understanding the biomechanics of athletic movements, particularly in football and soccer, exploring how training interventions and environmental factors influence athlete performance and injury risk. There has been a consistent emphasis on developing tailored training programs targeting age-related performance deficits, kinematics of specific movements (such as cutting and jumping), and the biomechanics of injuries, particularly concerning the head and knee. The integration of technology, such as wearable devices and advanced modeling techniques, has been highlighted as crucial for data collection and performance assessment, underpinning the aim for evidence-based practices in athlete care. **Emerging or Shifting Topics:** New developments during this period include a notable increase in research on the cognitive aspects of sports performance, especially in relation to concussion protocols and cognitive load impacts on physical activities. There's also a growing recognition of the intersection between psychological factors and physical performance, introducing cognitive performance metrics into injury prevention discussions. Additionally, advances in injury diagnosis through imaging techniques and the application of machine learning for predictive modeling have begun to gain traction, reflecting a methodological shift towards more data-driven and personalized approaches to athlete health management. **Representative Keywords/Methods:** performance optimization, injury prevention, biomechanics, kinematic analysis, wearable sensors, cognitive function, concussion assessment, tailored training programs, predictive modeling. - - **Half-Year:** 2019-H2 - **Core Research Trends:** Throughout the second half of 2019, significant research themes emerged in injury prevention and performance optimization in sports, particularly focusing on the anterior cruciate ligament (ACL) injuries and sports-related concussions. The studies consistently underscore the importance of biomechanical assessment methods to evaluate and mitigate injury risks in athletes. Advanced methodologies, including machine learning, wearable technology, and neuroimaging, were frequently applied to explore muscle mechanics, movement patterns, and cognitive impacts of injuries among players. Additionally, there is a persistent emphasis on tailored training programs that consider individual athlete characteristics and their effects on performance outcomes. - **Emerging or Shifting Topics:** Innovative approaches in injury prevention garnered attention, especially concerning female athletes, youth sports, and the use of digital tools for pain mapping and analysis. A noticeable shift toward understanding the psychological impacts of sports, encapsulated by temperament studies and the influence of concussive injuries on cognitive functions, was observed. Furthermore, research addressing the relationship between physical activity, health implications, and rehabilitation strategies for specific conditions, like cardiovascular health post-ACL injury and that of neuropathies with the use of ultrasound elastography, highlighted a broader perspective on athlete health. - **Representative Keywords/Methods:** ACL injuries, concussion, biomechanics, injury prevention, performance optimization, machine learning, wearable technology, psychological traits, youth sports, rehabilitation strategies, digital tools, elasticity assessments."
2020,2,2,"- - **Half-Year:** 2020-H1
- **Core Research Trends:** Throughout the first half of 2020, significant themes in anthropomechanics and biomechanics research in football highlighted performance optimization and injury prevention. Consistent exploration of biomechanical analyses, such as joint dynamics, loading mechanisms, and material properties of footwear, demonstrated an ongoing effort to reduce injury risks while improving athletic performance metrics. Advancements in wearable technology and motion capture systems also indicated a shift toward integrating precise measurements in training regimens. Moreover, the psychological aspects influencing athlete performance and injury risk have gained increased attention, underscoring the multifaceted nature of athletic health and performance.

- **Emerging or Shifting Topics:** Emerging topics included the focus on the psychological factors contributing to injury risk, particularly in female athletes, as well as the use of virtual reality and neurofeedback in optimizing training methodologies. Additionally, there was a growing trend toward computational methods, like finite element modeling for concussion risk assessment, reflecting an innovative methodological evolution in the field. Research on the implications of nutritional supplementation on athletic performance, particularly Vitamin D3, indicates a shift towards holistic athlete development strategies.

- **Representative Keywords/Methods:** performance optimization, injury prevention, biomechanical analysis, joint dynamics, wearable technology, motion capture, psychological factors, virtual reality, fatigue management, nutritional supplementation, ACL injuries, finite element modeling, injury risk modeling.
- - **Half-Year:** 2020-H2
- **Core Research Trends:** Throughout the latter half of 2020, research in anthropomechanics and biomechanics within sport prominently focused on injury prevention, performance optimization, and the biomechanics of specific movements in football. There was a strong emphasis on identifying injury risks associated with training loads, movement patterns, and anatomical factors, particularly concerning knee and lower limb injuries. Studies frequently employed advanced methodologies, integrating technology (such as wearable devices, machine learning, and finite element modeling) to enhance measurement accuracy and optimize training programs. Overall, a clear trend was noted toward understanding individual athlete variability and tailoring interventions accordingly to improve safety and performance outcomes.

- **Emerging or Shifting Topics:** Emerging themes included the integration of cognitive factors in injury risk assessment, particularly regarding perceptual-cognitive functions influencing athletic performance. There was an increasing interest in the application of wearable technology for real-time performance monitoring and recovery evaluation. The discussion around youth athlete development and the need for inclusive talent identification approaches also gained traction, with literature highlighting the importance of considering gender disparities and physical maturity in sports settings. Additionally, innovative training methods, such as heavy resisted training and bio-banding, signaled a shift toward more dynamic and individualized training regimens.

- **Representative Keywords/Methods:** injury prevention, performance optimization, biomechanics, wearable technology, individualized training, perceptual-cognitive function, finite element modeling, machine learning, youth athlete development, bio-banding","- - **Half-Year:** 2020-H1 - **Core Research Trends:** Throughout the first half of 2020, significant themes in anthropomechanics and biomechanics research in football highlighted performance optimization and injury prevention. Consistent exploration of biomechanical analyses, such as joint dynamics, loading mechanisms, and material properties of footwear, demonstrated an ongoing effort to reduce injury risks while improving athletic performance metrics. Advancements in wearable technology and motion capture systems also indicated a shift toward integrating precise measurements in training regimens. Moreover, the psychological aspects influencing athlete performance and injury risk have gained increased attention, underscoring the multifaceted nature of athletic health and performance. - **Emerging or Shifting Topics:** Emerging topics included the focus on the psychological factors contributing to injury risk, particularly in female athletes, as well as the use of virtual reality and neurofeedback in optimizing training methodologies. Additionally, there was a growing trend toward computational methods, like finite element modeling for concussion risk assessment, reflecting an innovative methodological evolution in the field. Research on the implications of nutritional supplementation on athletic performance, particularly Vitamin D3, indicates a shift towards holistic athlete development strategies. - **Representative Keywords/Methods:** performance optimization, injury prevention, biomechanical analysis, joint dynamics, wearable technology, motion capture, psychological factors, virtual reality, fatigue management, nutritional supplementation, ACL injuries, finite element modeling, injury risk modeling. - - **Half-Year:** 2020-H2 - **Core Research Trends:** Throughout the latter half of 2020, research in anthropomechanics and biomechanics within sport prominently focused on injury prevention, performance optimization, and the biomechanics of specific movements in football. There was a strong emphasis on identifying injury risks associated with training loads, movement patterns, and anatomical factors, particularly concerning knee and lower limb injuries. Studies frequently employed advanced methodologies, integrating technology (such as wearable devices, machine learning, and finite element modeling) to enhance measurement accuracy and optimize training programs. Overall, a clear trend was noted toward understanding individual athlete variability and tailoring interventions accordingly to improve safety and performance outcomes. - **Emerging or Shifting Topics:** Emerging themes included the integration of cognitive factors in injury risk assessment, particularly regarding perceptual-cognitive functions influencing athletic performance. There was an increasing interest in the application of wearable technology for real-time performance monitoring and recovery evaluation. The discussion around youth athlete development and the need for inclusive talent identification approaches also gained traction, with literature highlighting the importance of considering gender disparities and physical maturity in sports settings. Additionally, innovative training methods, such as heavy resisted training and bio-banding, signaled a shift toward more dynamic and individualized training regimens. - **Representative Keywords/Methods:** injury prevention, performance optimization, biomechanics, wearable technology, individualized training, perceptual-cognitive function, finite element modeling, machine learning, youth athlete development, bio-banding"
2021,2,2,"- - **Half-Year:** 2021-H1
- **Core Research Trends:** The first half of 2021 revealed a dominant focus on injury prevention strategies, particularly concerning anterior cruciate ligament (ACL) injuries across various populations, including youth and female athletes. Biomechanical assessments, particularly related to lower limb kinematics and joint stability, were prevalent as researchers sought to quantify injury risks and develop effective training protocols aimed at injury mitigation. The integration of innovative technologies, including wearable devices, motion tracking systems, and machine learning methodologies, highlighted an ongoing trend toward data-driven approaches to analyze performance and improve athlete safety.
- **Emerging or Shifting Topics:** During this period, several emerging topics gained traction, including the application of psychological factors in injury incidence and rehabilitation, as well as the exploration of multidirectional speed (MDS) in youth athletes. The studies increasingly emphasized the correlations between training load and health outcomes, such as upper respiratory infections, revealing a broader recognition of holistic athlete management. Furthermore, innovations in footwear design and equipment tailored to optimize performance and safety were noted, indicating a shifting emphasis towards practical applications of biomechanics and technology in sports.
- **Representative Keywords/Methods:** injury prevention, biomechanics, ACL injuries, wearable technology, performance optimization, multidirectional speed, machine learning, motion analysis, training load, youth athletes, psychological factors.
- **Half-Year:** 2021-H2  
**Core Research Trends:** Throughout the latter half of 2021, a significant emphasis on injury prevention and performance optimization in sports, particularly football and soccer, emerged as a dominant theme. Recurring discussions revolved around biomechanical assessments, with specific attention given to the impacts of fatigue, neuromuscular control, and training interventions aimed at reducing injury risks, especially concerning knee and lower limb injuries. Methodologies such as video analysis, kinematic evaluations, and neuromuscular training programs were frequently employed to analyze and mitigate injury risks while enhancing player performance metrics.

**Emerging or Shifting Topics:** Emerging themes included the integration of advanced technologies such as head impact sensors, inertial measurement devices for performance tracking, and the utilization of virtual reality for psychological interventions. There was a growing interest in understanding the physiological and cognitive aspects of injuries, particularly concerning mental health implications for athletes, and the relationship between physical attributes, training regimens, and injury susceptibility. Additionally, research began to address the injury mechanisms specific to diverse athlete populations, including adolescents and those with visible disabilities.

**Representative Keywords/Methods:** injury prevention, biomechanics, performance optimization, neuromuscular control, training interventions, head impact sensors, virtual reality, physiological adaptations, fatigue, analytical methods, injury mechanisms.","- - **Half-Year:** 2021-H1 - **Core Research Trends:** The first half of 2021 revealed a dominant focus on injury prevention strategies, particularly concerning anterior cruciate ligament (ACL) injuries across various populations, including youth and female athletes. Biomechanical assessments, particularly related to lower limb kinematics and joint stability, were prevalent as researchers sought to quantify injury risks and develop effective training protocols aimed at injury mitigation. The integration of innovative technologies, including wearable devices, motion tracking systems, and machine learning methodologies, highlighted an ongoing trend toward data-driven approaches to analyze performance and improve athlete safety. - **Emerging or Shifting Topics:** During this period, several emerging topics gained traction, including the application of psychological factors in injury incidence and rehabilitation, as well as the exploration of multidirectional speed (MDS) in youth athletes. The studies increasingly emphasized the correlations between training load and health outcomes, such as upper respiratory infections, revealing a broader recognition of holistic athlete management. Furthermore, innovations in footwear design and equipment tailored to optimize performance and safety were noted, indicating a shifting emphasis towards practical applications of biomechanics and technology in sports. - **Representative Keywords/Methods:** injury prevention, biomechanics, ACL injuries, wearable technology, performance optimization, multidirectional speed, machine learning, motion analysis, training load, youth athletes, psychological factors. - **Half-Year:** 2021-H2 **Core Research Trends:** Throughout the latter half of 2021, a significant emphasis on injury prevention and performance optimization in sports, particularly football and soccer, emerged as a dominant theme. Recurring discussions revolved around biomechanical assessments, with specific attention given to the impacts of fatigue, neuromuscular control, and training interventions aimed at reducing injury risks, especially concerning knee and lower limb injuries. Methodologies such as video analysis, kinematic evaluations, and neuromuscular training programs were frequently employed to analyze and mitigate injury risks while enhancing player performance metrics. **Emerging or Shifting Topics:** Emerging themes included the integration of advanced technologies such as head impact sensors, inertial measurement devices for performance tracking, and the utilization of virtual reality for psychological interventions. There was a growing interest in understanding the physiological and cognitive aspects of injuries, particularly concerning mental health implications for athletes, and the relationship between physical attributes, training regimens, and injury susceptibility. Additionally, research began to address the injury mechanisms specific to diverse athlete populations, including adolescents and those with visible disabilities. **Representative Keywords/Methods:** injury prevention, biomechanics, performance optimization, neuromuscular control, training interventions, head impact sensors, virtual reality, physiological adaptations, fatigue, analytical methods, injury mechanisms."
2022,2,2,"- **Half-Year:** 2022-H1  
**Core Research Trends:** Across the six-month period, the research consistently emphasized performance optimization and injury prevention, particularly concerning anterior cruciate ligament (ACL) injuries and rehabilitation strategies. A dominant theme involved the integration of biomechanics with innovative training methodologies, wherein studies explored factors such as inter-limb asymmetries, neuromuscular training, and the influence of anatomical variations on injury risk and performance. Moreover, there was a notable focus on utilizing advanced technologies like motion analysis, wearable sensors, and machine learning models to assess player performance and develop tailored training interventions. This multidisciplinary approach underlined the complexity of athlete health, advocating for strategies that blend physical, technical, and psychological elements to enhance sports performance and safety.

**Emerging or Shifting Topics:** Emerging topics included a heightened interest in the cognitive effects of training and injury, particularly regarding head impacts in contact sports and their effects on young athletes. There's also a growing focus on gender-specific considerations in training and injury management, with a push towards inclusivity in research, especially related to women’s involvement in sports. The application of Extended Reality (XR) in rehabilitation and a shift towards data-driven methodologies for performance monitoring have also gained traction, indicating an evolution in both the technical and pedagogical frameworks of sports science.

**Representative Keywords/Methods:** performance optimization, ACL injuries, biomechanics, injury prevention, motion analysis, wearable sensors, machine learning, neuromuscular training, cognitive effects, Extended Reality, gender inclusivity, data-driven methodologies.
- - **Half-Year:** 2022-H2
- **Core Research Trends:** Across the second half of 2022, the field of anthropomechanics and biomechanics in sport, particularly concerning soccer and related contexts, prominently focused on injury prevention, performance optimization, and the integration of technology in both evaluations and rehabilitation strategies. Studies consistently highlighted injury mechanisms, particularly around the anterior cruciate ligament (ACL) and other common sports injuries, emphasizing the interplay between physical conditioning, psychological factors, and biomechanical analyses. Simultaneously, there was a strong commitment to understanding the long-term effects of injuries, especially concussions and chronic conditions, alongside the exploration of structured approaches to training that could mitigate these risks while enhancing performance metrics in athletes of all levels.

- **Emerging or Shifting Topics:** There was a notable emergence of advanced technology applications, particularly the use of wearable devices and machine learning for real-time performance monitoring and injury risk assessment. This trend indicates a shift towards more personalized assessments aimed at individual athletes' biomechanics, injury risk profiles, and recovery processes. Additionally, gender-specific studies and variations in injury prevalence highlighted the importance of tailored training and rehabilitation protocols addressing specific populations, such as female athletes. Increased emphasis on the psychological dimensions of sports, such as the impact of fatigue and mental health on performance and injury risk, also emerged as a significant theme.

- **Representative Keywords/Methods:** injury prevention, ACL injuries, performance optimization, wearable technology, machine learning, biomechanics, rehabilitation, data analytics, psychological factors, training protocols.","- **Half-Year:** 2022-H1 **Core Research Trends:** Across the six-month period, the research consistently emphasized performance optimization and injury prevention, particularly concerning anterior cruciate ligament (ACL) injuries and rehabilitation strategies. A dominant theme involved the integration of biomechanics with innovative training methodologies, wherein studies explored factors such as inter-limb asymmetries, neuromuscular training, and the influence of anatomical variations on injury risk and performance. Moreover, there was a notable focus on utilizing advanced technologies like motion analysis, wearable sensors, and machine learning models to assess player performance and develop tailored training interventions. This multidisciplinary approach underlined the complexity of athlete health, advocating for strategies that blend physical, technical, and psychological elements to enhance sports performance and safety. **Emerging or Shifting Topics:** Emerging topics included a heightened interest in the cognitive effects of training and injury, particularly regarding head impacts in contact sports and their effects on young athletes. There's also a growing focus on gender-specific considerations in training and injury management, with a push towards inclusivity in research, especially related to women’s involvement in sports. The application of Extended Reality (XR) in rehabilitation and a shift towards data-driven methodologies for performance monitoring have also gained traction, indicating an evolution in both the technical and pedagogical frameworks of sports science. **Representative Keywords/Methods:** performance optimization, ACL injuries, biomechanics, injury prevention, motion analysis, wearable sensors, machine learning, neuromuscular training, cognitive effects, Extended Reality, gender inclusivity, data-driven methodologies. - - **Half-Year:** 2022-H2 - **Core Research Trends:** Across the second half of 2022, the field of anthropomechanics and biomechanics in sport, particularly concerning soccer and related contexts, prominently focused on injury prevention, performance optimization, and the integration of technology in both evaluations and rehabilitation strategies. Studies consistently highlighted injury mechanisms, particularly around the anterior cruciate ligament (ACL) and other common sports injuries, emphasizing the interplay between physical conditioning, psychological factors, and biomechanical analyses. Simultaneously, there was a strong commitment to understanding the long-term effects of injuries, especially concussions and chronic conditions, alongside the exploration of structured approaches to training that could mitigate these risks while enhancing performance metrics in athletes of all levels. - **Emerging or Shifting Topics:** There was a notable emergence of advanced technology applications, particularly the use of wearable devices and machine learning for real-time performance monitoring and injury risk assessment. This trend indicates a shift towards more personalized assessments aimed at individual athletes' biomechanics, injury risk profiles, and recovery processes. Additionally, gender-specific studies and variations in injury prevalence highlighted the importance of tailored training and rehabilitation protocols addressing specific populations, such as female athletes. Increased emphasis on the psychological dimensions of sports, such as the impact of fatigue and mental health on performance and injury risk, also emerged as a significant theme. - **Representative Keywords/Methods:** injury prevention, ACL injuries, performance optimization, wearable technology, machine learning, biomechanics, rehabilitation, data analytics, psychological factors, training protocols."
2023,2,2,"- - **Half-Year:** 2023-H1
- **Core Research Trends:** Throughout the first half of 2023, significant themes in anthropomechanics and biomechanics research in football (soccer) focused on injury prevention, performance optimization, and the integration of advanced technologies for assessment. Researchers consistently explored anterior cruciate ligament (ACL) injuries and their biomechanics, with a notable emphasis on rehabilitation methods, predictors of injury risk, and tailored training protocols aimed at enhancing athletic performance while mitigating injury occurrences. The utilization of machine learning for predictive modeling, wearable technology for data collection, and innovative training techniques like plyometric and proprioceptive training were recurring focal points, suggesting a robust investment in understanding the intricate relationship between biomechanics, performance, and injury management.

- **Emerging or Shifting Topics:** The first six months also highlighted emerging topics such as the role of psychological factors, like self-confidence and cognitive strategies, in athletic performance, and the effects of hormonal fluctuations on injury risk for female athletes. There's an increasing interest in personalized rehabilitation and training strategies that address the unique physical and psychological needs of individual athletes. Furthermore, the integration of motion analysis technology, such as 3D motion capture and lower quarter Y-balance tests, signifies a methodological shift toward more precise measurement tools in sports science, improving both performance tracking and injury prevention efforts.

- **Representative Keywords/Methods:** ACL injuries, injury prevention, performance optimization, machine learning, wearable technology, plyometric training, proprioception training, neurofeedback, biomechanics, individualized rehabilitation, data analytics, injury risk assessment.
- - **Half-Year:** 2023-H2
- **Core Research Trends:** Over the past six months, research in anthropomechanics and biomechanics within football has shown a consistent focus on injury prevention and performance optimization across various athlete demographics. Key themes revolve around the biomechanics of injury risks, particularly concerning the anterior cruciate ligament (ACL), lower extremities, and concussions, highlighting tailored training and rehabilitation strategies to mitigate these issues. The integration of advanced technologies, such as wearable sensors and machine learning, is prevalent in efforts to monitor and enhance athletic performance while ensuring safety. Another notable trend is the growing emphasis on gender-specific factors, particularly in female athletes regarding injury prevalence and management strategies.

- **Emerging or Shifting Topics:** Emerging topics include the application of Virtual Reality (VR) and Augmented Reality (AR) for performance enhancement and rehabilitation, showcasing a significant methodological shift aiming to utilize technology for improving training efficacy. The exploration of neuroprotective strategies and the impacts of psychological factors, such as mental fatigue, on athletic performance reflect a more holistic approach to athlete health. Research on chronic conditions like ankle instability and the effects of innovative training methodologies are gaining traction, emphasizing individualized assessments and treatments.

- **Representative Keywords/Methods:** injury prevention, performance optimization, biomechanics, ACL injuries, wearable technology, machine learning, rehabilitation, Virtual Reality, psychological factors, chronic ankle instability","- - **Half-Year:** 2023-H1 - **Core Research Trends:** Throughout the first half of 2023, significant themes in anthropomechanics and biomechanics research in football (soccer) focused on injury prevention, performance optimization, and the integration of advanced technologies for assessment. Researchers consistently explored anterior cruciate ligament (ACL) injuries and their biomechanics, with a notable emphasis on rehabilitation methods, predictors of injury risk, and tailored training protocols aimed at enhancing athletic performance while mitigating injury occurrences. The utilization of machine learning for predictive modeling, wearable technology for data collection, and innovative training techniques like plyometric and proprioceptive training were recurring focal points, suggesting a robust investment in understanding the intricate relationship between biomechanics, performance, and injury management. - **Emerging or Shifting Topics:** The first six months also highlighted emerging topics such as the role of psychological factors, like self-confidence and cognitive strategies, in athletic performance, and the effects of hormonal fluctuations on injury risk for female athletes. There's an increasing interest in personalized rehabilitation and training strategies that address the unique physical and psychological needs of individual athletes. Furthermore, the integration of motion analysis technology, such as 3D motion capture and lower quarter Y-balance tests, signifies a methodological shift toward more precise measurement tools in sports science, improving both performance tracking and injury prevention efforts. - **Representative Keywords/Methods:** ACL injuries, injury prevention, performance optimization, machine learning, wearable technology, plyometric training, proprioception training, neurofeedback, biomechanics, individualized rehabilitation, data analytics, injury risk assessment. - - **Half-Year:** 2023-H2 - **Core Research Trends:** Over the past six months, research in anthropomechanics and biomechanics within football has shown a consistent focus on injury prevention and performance optimization across various athlete demographics. Key themes revolve around the biomechanics of injury risks, particularly concerning the anterior cruciate ligament (ACL), lower extremities, and concussions, highlighting tailored training and rehabilitation strategies to mitigate these issues. The integration of advanced technologies, such as wearable sensors and machine learning, is prevalent in efforts to monitor and enhance athletic performance while ensuring safety. Another notable trend is the growing emphasis on gender-specific factors, particularly in female athletes regarding injury prevalence and management strategies. - **Emerging or Shifting Topics:** Emerging topics include the application of Virtual Reality (VR) and Augmented Reality (AR) for performance enhancement and rehabilitation, showcasing a significant methodological shift aiming to utilize technology for improving training efficacy. The exploration of neuroprotective strategies and the impacts of psychological factors, such as mental fatigue, on athletic performance reflect a more holistic approach to athlete health. Research on chronic conditions like ankle instability and the effects of innovative training methodologies are gaining traction, emphasizing individualized assessments and treatments. - **Representative Keywords/Methods:** injury prevention, performance optimization, biomechanics, ACL injuries, wearable technology, machine learning, rehabilitation, Virtual Reality, psychological factors, chronic ankle instability"
2024,2,2,"- - **Half-Year:** 2024-H1
- **Core Research Trends:** The research conducted during this half-year period highlights a continuous emphasis on injury prevention and performance optimization in sports, particularly within the realm of football (soccer). Dominant themes include the integration of advanced technologies such as wearables and machine learning for performance analysis and health monitoring, alongside biomechanical assessments targeting specific injuries like ACL and hamstring injuries. Fine-tuning training regimens based on biomechanical data, physiological metrics, and recovery strategies forms a crucial part of the discourse, reflecting the need for tailored approaches in athlete health management. There is a robust focus on the interrelationship between physical attributes, training modalities, and psychological factors influencing athletic performance.

- **Emerging or Shifting Topics:** Throughout the six-month period, key areas of evolution include the increasing application of Virtual Reality and cognitive-motor dual-task training for skill acquisition and injury rehabilitation. Novel research has begun to unpack the psychosocial dimensions of athletic injuries and recovery, particularly in female athletes concerning knee injuries. Additionally, the exploration of genetic factors and personalized training protocols is gaining traction, particularly in relation to ACL injuries and their preventive strategies. Noteworthy is the growing recognition of biomechanics in shaping effective rehabilitation programs, requiring healthcare professionals to employ multi-faceted assessments for optimally tailored recovery pathways.

- **Representative Keywords/Methods:** injury prevention, performance optimization, machine learning, wearable technologies, biomechanics, ACL injuries, strength training, cognitive-motor training, Virtual Reality, personalized training, data analysis, recovery strategies, neuropsychological factors, physical performance metrics.
- - **Half-Year:** 2024-H2
- **Core Research Trends:** Throughout the half-year, research in anthropomechanics and biomechanics in sport, especially football, has consistently emphasized performance optimization and injury prevention. Notable themes include the biomechanics of injury mechanisms, with a particular focus on knee injuries such as ACL tears, and the role of tailored training programs to mitigate these risks. Advanced methodologies such as kinetic analysis, principal component analysis, motion capture, and the use of wearable technologies have gained traction, highlighting a significant shift towards data-driven, evidence-based practices in sports science. Moreover, the integration of psychological factors and motor asymmetry in training interventions reflects a holistic approach to athlete development and performance enhancement.

- **Emerging or Shifting Topics:** A notable emerging trend is the increasing incorporation of technology, including artificial intelligence and wearable sensors, to optimize training and performance assessment. Additionally, there has been an acknowledged shift towards understanding gender-specific physiological responses, with more research dedicated to female athletes and their unique injury risks. Neurocognitive factors such as kinesiophobia are being recognized for their impact on athletic performance, indicating a broader interest in mental and emotional dimensions of sports. Lastly, advancements in imaging techniques coupled with machine learning models are being utilized for improved injury detection and preventative strategies.

- **Representative Keywords/Methods:** performance optimization, injury prevention, ACL injuries, biomechanics, wearable technologies, motion capture, principal component analysis, psychological factors, artificial intelligence, training programs, gender-specific responses, neurocognitive factors, data-driven methodologies.","- - **Half-Year:** 2024-H1 - **Core Research Trends:** The research conducted during this half-year period highlights a continuous emphasis on injury prevention and performance optimization in sports, particularly within the realm of football (soccer). Dominant themes include the integration of advanced technologies such as wearables and machine learning for performance analysis and health monitoring, alongside biomechanical assessments targeting specific injuries like ACL and hamstring injuries. Fine-tuning training regimens based on biomechanical data, physiological metrics, and recovery strategies forms a crucial part of the discourse, reflecting the need for tailored approaches in athlete health management. There is a robust focus on the interrelationship between physical attributes, training modalities, and psychological factors influencing athletic performance. - **Emerging or Shifting Topics:** Throughout the six-month period, key areas of evolution include the increasing application of Virtual Reality and cognitive-motor dual-task training for skill acquisition and injury rehabilitation. Novel research has begun to unpack the psychosocial dimensions of athletic injuries and recovery, particularly in female athletes concerning knee injuries. Additionally, the exploration of genetic factors and personalized training protocols is gaining traction, particularly in relation to ACL injuries and their preventive strategies. Noteworthy is the growing recognition of biomechanics in shaping effective rehabilitation programs, requiring healthcare professionals to employ multi-faceted assessments for optimally tailored recovery pathways. - **Representative Keywords/Methods:** injury prevention, performance optimization, machine learning, wearable technologies, biomechanics, ACL injuries, strength training, cognitive-motor training, Virtual Reality, personalized training, data analysis, recovery strategies, neuropsychological factors, physical performance metrics. - - **Half-Year:** 2024-H2 - **Core Research Trends:** Throughout the half-year, research in anthropomechanics and biomechanics in sport, especially football, has consistently emphasized performance optimization and injury prevention. Notable themes include the biomechanics of injury mechanisms, with a particular focus on knee injuries such as ACL tears, and the role of tailored training programs to mitigate these risks. Advanced methodologies such as kinetic analysis, principal component analysis, motion capture, and the use of wearable technologies have gained traction, highlighting a significant shift towards data-driven, evidence-based practices in sports science. Moreover, the integration of psychological factors and motor asymmetry in training interventions reflects a holistic approach to athlete development and performance enhancement. - **Emerging or Shifting Topics:** A notable emerging trend is the increasing incorporation of technology, including artificial intelligence and wearable sensors, to optimize training and performance assessment. Additionally, there has been an acknowledged shift towards understanding gender-specific physiological responses, with more research dedicated to female athletes and their unique injury risks. Neurocognitive factors such as kinesiophobia are being recognized for their impact on athletic performance, indicating a broader interest in mental and emotional dimensions of sports. Lastly, advancements in imaging techniques coupled with machine learning models are being utilized for improved injury detection and preventative strategies. - **Representative Keywords/Methods:** performance optimization, injury prevention, ACL injuries, biomechanics, wearable technologies, motion capture, principal component analysis, psychological factors, artificial intelligence, training programs, gender-specific responses, neurocognitive factors, data-driven methodologies."
